year,month,dayofmonth,dayofweek,bankhol
2010,Jan,1,Mon,1
2010,Jan,2,Tue,0
2010,Jan,3,Wed,0
2010,Jan,4,Thur,0
2010,Jan,5,Fri,0
2010,Jan,6,Sat,0
2010,Jan,7,Sun,0
2010,Jan,8,Mon,0
2010,Jan,9,Tue,0
2010,Jan,10,Wed,0
2010,Jan,11,Thur,0
2010,Jan,12,Fri,0
2010,Jan,13,Sat,0
2010,Jan,14,Sun,0
2010,Jan,15,Mon,0
2010,Jan,16,Tue,0
2010,Jan,17,Wed,0
2010,Jan,18,Thur,0
2010,Jan,19,Fri,0
2010,Jan,20,Sat,0
2010,Jan,21,Sun,0
2010,Jan,22,Mon,0
2010,Jan,23,Tue,0
2010,Jan,24,Wed,0
2010,Jan,25,Thur,0
2010,Jan,26,Fri,0
2010,Jan,27,Sat,0
2010,Jan,28,Sun,0
2010,Jan,29,Mon,0
2010,Jan,30,Tue,0
2010,Jan,31,Wed,0
2010,Feb,1,Thur,0
2010,Feb,2,Fri,0
2010,Feb,3,Sat,0
2010,Feb,4,Sun,0
2010,Feb,5,Mon,0
2010,Feb,6,Tue,0
2010,Feb,7,Wed,0
2010,Feb,8,Thur,0
2010,Feb,9,Fri,0
2010,Feb,10,Sat,0
2010,Feb,11,Sun,0
2010,Feb,12,Mon,0
2010,Feb,13,Tue,0
2010,Feb,14,Wed,0
2010,Feb,15,Thur,0
2010,Feb,16,Fri,0
2010,Feb,17,Sat,0
2010,Feb,18,Sun,0
2010,Feb,19,Mon,0
2010,Feb,20,Tue,0
2010,Feb,21,Wed,0
2010,Feb,22,Thur,0
2010,Feb,23,Fri,0
2010,Feb,24,Sat,0
2010,Feb,25,Sun,0
2010,Feb,26,Mon,0
2010,Feb,27,Tue,0
2010,Feb,28,Wed,0
2010,March,1,Thur,0
2010,March,2,Fri,0
2010,March,3,Sat,0
2010,March,4,Sun,0
2010,March,5,Mon,0
2010,March,6,Tue,0
2010,March,7,Wed,0
2010,March,8,Thur,0
2010,March,9,Fri,0
2010,March,10,Sat,0
2010,March,11,Sun,0
2010,March,12,Mon,0
2010,March,13,Tue,0
2010,March,14,Wed,0
2010,March,15,Thur,0
2010,March,16,Fri,0
2010,March,17,Sat,0
2010,March,18,Sun,0
2010,March,19,Mon,0
2010,March,20,Tue,0
2010,March,21,Wed,0
2010,March,22,Thur,0
2010,March,23,Fri,0
2010,March,24,Sat,0
2010,March,25,Sun,0
2010,March,26,Mon,0
2010,March,27,Tue,0
2010,March,28,Wed,0
2010,March,29,Thur,0
2010,March,30,Fri,0
2010,March,31,Sat,0
2010,Apr,1,Sun,0
2010,Apr,2,Mon,0
2010,Apr,3,Tue,0
2010,Apr,4,Wed,0
2010,Apr,5,Thur,0
2010,Apr,6,Fri,1
2010,Apr,7,Sat,0
2010,Apr,8,Sun,0
2010,Apr,9,Mon,1
2010,Apr,10,Tue,0
2010,Apr,11,Wed,0
2010,Apr,12,Thur,0
2010,Apr,13,Fri,0
2010,Apr,14,Sat,0
2010,Apr,15,Sun,0
2010,Apr,16,Mon,0
2010,Apr,17,Tue,0
2010,Apr,18,Wed,0
2010,Apr,19,Thur,0
2010,Apr,20,Fri,0
2010,Apr,21,Sat,0
2010,Apr,22,Sun,0
2010,Apr,23,Mon,0
2010,Apr,24,Tue,0
2010,Apr,25,Wed,0
2010,Apr,26,Thur,0
2010,Apr,27,Fri,0
2010,Apr,28,Sat,0
2010,Apr,29,Sun,0
2010,Apr,30,Mon,0
2010,May,1,Tue,0
2010,May,2,Wed,0
2010,May,3,Thur,0
2010,May,4,Fri,0
2010,May,5,Sat,0
2010,May,6,Sun,0
2010,May,7,Mon,1
2010,May,8,Tue,0
2010,May,9,Wed,0
2010,May,10,Thur,0
2010,May,11,Fri,0
2010,May,12,Sat,0
2010,May,13,Sun,0
2010,May,14,Mon,0
2010,May,15,Tue,0
2010,May,16,Wed,0
2010,May,17,Thur,0
2010,May,18,Fri,0
2010,May,19,Sat,0
2010,May,20,Sun,0
2010,May,21,Mon,0
2010,May,22,Tue,0
2010,May,23,Wed,0
2010,May,24,Thur,0
2010,May,25,Fri,0
2010,May,26,Sat,0
2010,May,27,Sun,0
2010,May,28,Mon,1
2010,May,29,Tue,0
2010,May,30,Wed,0
2010,May,31,Thur,0
2010,Jun,1,Fri,0
2010,Jun,2,Sat,0
2010,Jun,3,Sun,0
2010,Jun,4,Mon,0
2010,Jun,5,Tue,0
2010,Jun,6,Wed,0
2010,Jun,7,Thur,0
2010,Jun,8,Fri,0
2010,Jun,9,Sat,0
2010,Jun,10,Sun,0
2010,Jun,11,Mon,0
2010,Jun,12,Tue,0
2010,Jun,13,Wed,0
2010,Jun,14,Thur,0
2010,Jun,15,Fri,0
2010,Jun,16,Sat,0
2010,Jun,17,Sun,0
2010,Jun,18,Mon,0
2010,Jun,19,Tue,0
2010,Jun,20,Wed,0
2010,Jun,21,Thur,0
2010,Jun,22,Fri,0
2010,Jun,23,Sat,0
2010,Jun,24,Sun,0
2010,Jun,25,Mon,0
2010,Jun,26,Tue,0
2010,Jun,27,Wed,0
2010,Jun,28,Thur,0
2010,Jun,29,Fri,0
2010,Jun,30,Sat,0
2010,Jul,1,Sun,0
2010,Jul,2,Mon,0
2010,Jul,3,Tue,0
2010,Jul,4,Wed,0
2010,Jul,5,Thur,0
2010,Jul,6,Fri,0
2010,Jul,7,Sat,0
2010,Jul,8,Sun,0
2010,Jul,9,Mon,0
2010,Jul,10,Tue,0
2010,Jul,11,Wed,0
2010,Jul,12,Thur,0
2010,Jul,13,Fri,0
2010,Jul,14,Sat,0
2010,Jul,15,Sun,0
2010,Jul,16,Mon,0
2010,Jul,17,Tue,0
2010,Jul,18,Wed,0
2010,Jul,19,Thur,0
2010,Jul,20,Fri,0
2010,Jul,21,Sat,0
2010,Jul,22,Sun,0
2010,Jul,23,Mon,0
2010,Jul,24,Tue,0
2010,Jul,25,Wed,0
2010,Jul,26,Thur,0
2010,Jul,27,Fri,0
2010,Jul,28,Sat,0
2010,Jul,29,Sun,0
2010,Jul,30,Mon,0
2010,Aug,1,Tue,0
2010,Aug,2,Wed,0
2010,Aug,3,Thur,0
2010,Aug,4,Fri,0
2010,Aug,5,Sat,0
2010,Aug,6,Sun,0
2010,Aug,7,Mon,0
2010,Aug,8,Tue,0
2010,Aug,9,Wed,0
2010,Aug,10,Thur,0
2010,Aug,11,Fri,0
2010,Aug,12,Sat,0
2010,Aug,13,Sun,0
2010,Aug,14,Mon,0
2010,Aug,15,Tue,0
2010,Aug,16,Wed,0
2010,Aug,17,Thur,0
2010,Aug,18,Fri,0
2010,Aug,19,Sat,0
2010,Aug,20,Sun,0
2010,Aug,21,Mon,0
2010,Aug,22,Tue,0
2010,Aug,23,Wed,0
2010,Aug,24,Thur,0
2010,Aug,25,Fri,0
2010,Aug,26,Sat,0
2010,Aug,27,Sun,0
2010,Aug,28,Mon,1
2010,Aug,29,Tue,0
2010,Aug,30,Wed,0
2010,Aug,31,Thur,0
2010,Sep,1,Fri,0
2010,Sep,2,Sat,0
2010,Sep,3,Sun,0
2010,Sep,4,Mon,0
2010,Sep,5,Tue,0
2010,Sep,6,Wed,0
2010,Sep,7,Thur,0
2010,Sep,8,Fri,0
2010,Sep,9,Sat,0
2010,Sep,10,Sun,0
2010,Sep,11,Mon,0
2010,Sep,12,Tue,0
2010,Sep,13,Wed,0
2010,Sep,14,Thur,0
2010,Sep,15,Fri,0
2010,Sep,16,Sat,0
2010,Sep,17,Sun,0
2010,Sep,18,Mon,0
2010,Sep,19,Tue,0
2010,Sep,20,Wed,0
2010,Sep,21,Thur,0
2010,Sep,22,Fri,0
2010,Sep,23,Sat,0
2010,Sep,24,Sun,0
2010,Sep,25,Mon,0
2010,Sep,26,Tue,0
2010,Sep,27,Wed,0
2010,Sep,28,Thur,0
2010,Sep,29,Fri,0
2010,Sep,30,Sat,0
2010,Oct,1,Sun,0
2010,Oct,2,Mon,0
2010,Oct,3,Tue,0
2010,Oct,4,Wed,0
2010,Oct,5,Thur,0
2010,Oct,6,Fri,0
2010,Oct,7,Sat,0
2010,Oct,8,Sun,0
2010,Oct,9,Mon,0
2010,Oct,10,Tue,0
2010,Oct,11,Wed,0
2010,Oct,12,Thur,0
2010,Oct,13,Fri,0
2010,Oct,14,Sat,0
2010,Oct,15,Sun,0
2010,Oct,16,Mon,0
2010,Oct,17,Tue,0
2010,Oct,18,Wed,0
2010,Oct,19,Thur,0
2010,Oct,20,Fri,0
2010,Oct,21,Sat,0
2010,Oct,22,Sun,0
2010,Oct,23,Mon,0
2010,Oct,24,Tue,0
2010,Oct,25,Wed,0
2010,Oct,26,Thur,0
2010,Oct,27,Fri,0
2010,Oct,28,Sat,0
2010,Oct,29,Sun,0
2010,Oct,30,Mon,0
2010,Oct,31,Tue,0
2010,Nov,1,Wed,0
2010,Nov,2,Thur,0
2010,Nov,3,Fri,0
2010,Nov,4,Sat,0
2010,Nov,5,Sun,0
2010,Nov,6,Mon,0
2010,Nov,7,Tue,0
2010,Nov,8,Wed,0
2010,Nov,9,Thur,0
2010,Nov,10,Fri,0
2010,Nov,11,Sat,0
2010,Nov,12,Sun,0
2010,Nov,13,Mon,0
2010,Nov,14,Tue,0
2010,Nov,15,Wed,0
2010,Nov,16,Thur,0
2010,Nov,17,Fri,0
2010,Nov,18,Sat,0
2010,Nov,19,Sun,0
2010,Nov,20,Mon,0
2010,Nov,21,Tue,0
2010,Nov,22,Wed,0
2010,Nov,23,Thur,0
2010,Nov,24,Fri,0
2010,Nov,25,Sat,0
2010,Nov,26,Sun,0
2010,Nov,27,Mon,0
2010,Nov,28,Tue,0
2010,Nov,29,Wed,0
2010,Nov,30,Thur,0
2010,Dec,1,Fri,0
2010,Dec,2,Sat,0
2010,Dec,3,Sun,0
2010,Dec,4,Mon,0
2010,Dec,5,Tue,0
2010,Dec,6,Wed,0
2010,Dec,7,Thur,0
2010,Dec,8,Fri,0
2010,Dec,9,Sat,0
2010,Dec,10,Sun,0
2010,Dec,11,Mon,0
2010,Dec,12,Tue,0
2010,Dec,13,Wed,0
2010,Dec,14,Thur,0
2010,Dec,15,Fri,0
2010,Dec,16,Sat,0
2010,Dec,17,Sun,0
2010,Dec,18,Mon,0
2010,Dec,19,Tue,0
2010,Dec,20,Wed,0
2010,Dec,21,Thur,0
2010,Dec,22,Fri,0
2010,Dec,23,Sat,0
2010,Dec,24,Sun,0
2010,Dec,25,Mon,1
2010,Dec,26,Tue,1
2010,Dec,27,Wed,0
2010,Dec,28,Thur,0
2010,Dec,29,Fri,0
2010,Dec,30,Sat,0
2010,Dec,31,Sun,0
2011,Jan,1,Mon,1
2011,Jan,2,Tue,0
2011,Jan,3,Wed,0
2011,Jan,4,Thur,0
2011,Jan,5,Fri,0
2011,Jan,6,Sat,0
2011,Jan,7,Sun,0
2011,Jan,8,Mon,0
2011,Jan,9,Tue,0
2011,Jan,10,Wed,0
2011,Jan,11,Thur,0
2011,Jan,12,Fri,0
2011,Jan,13,Sat,0
2011,Jan,14,Sun,0
2011,Jan,15,Mon,0
2011,Jan,16,Tue,0
2011,Jan,17,Wed,0
2011,Jan,18,Thur,0
2011,Jan,19,Fri,0
2011,Jan,20,Sat,0
2011,Jan,21,Sun,0
2011,Jan,22,Mon,0
2011,Jan,23,Tue,0
2011,Jan,24,Wed,0
2011,Jan,25,Thur,0
2011,Jan,26,Fri,0
2011,Jan,27,Sat,0
2011,Jan,28,Sun,0
2011,Jan,29,Mon,0
2011,Jan,30,Tue,0
2011,Jan,31,Wed,0
2011,Feb,1,Thur,0
2011,Feb,2,Fri,0
2011,Feb,3,Sat,0
2011,Feb,4,Sun,0
2011,Feb,5,Mon,0
2011,Feb,6,Tue,0
2011,Feb,7,Wed,0
2011,Feb,8,Thur,0
2011,Feb,9,Fri,0
2011,Feb,10,Sat,0
2011,Feb,11,Sun,0
2011,Feb,12,Mon,0
2011,Feb,13,Tue,0
2011,Feb,14,Wed,0
2011,Feb,15,Thur,0
2011,Feb,16,Fri,0
2011,Feb,17,Sat,0
2011,Feb,18,Sun,0
2011,Feb,19,Mon,0
2011,Feb,20,Tue,0
2011,Feb,21,Wed,0
2011,Feb,22,Thur,0
2011,Feb,23,Fri,0
2011,Feb,24,Sat,0
2011,Feb,25,Sun,0
2011,Feb,26,Mon,0
2011,Feb,27,Tue,0
2011,Feb,28,Wed,0
2011,March,1,Thur,0
2011,March,2,Fri,0
2011,March,3,Sat,0
2011,March,4,Sun,0
2011,March,5,Mon,0
2011,March,6,Tue,0
2011,March,7,Wed,0
2011,March,8,Thur,0
2011,March,9,Fri,0
2011,March,10,Sat,0
2011,March,11,Sun,0
2011,March,12,Mon,0
2011,March,13,Tue,0
2011,March,14,Wed,0
2011,March,15,Thur,0
2011,March,16,Fri,0
2011,March,17,Sat,0
2011,March,18,Sun,0
2011,March,19,Mon,0
2011,March,20,Tue,0
2011,March,21,Wed,0
2011,March,22,Thur,0
2011,March,23,Fri,0
2011,March,24,Sat,0
2011,March,25,Sun,0
2011,March,26,Mon,0
2011,March,27,Tue,0
2011,March,28,Wed,0
2011,March,29,Thur,0
2011,March,30,Fri,0
2011,March,31,Sat,0
2011,Apr,1,Sun,0
2011,Apr,2,Mon,0
2011,Apr,3,Tue,0
2011,Apr,4,Wed,0
2011,Apr,5,Thur,0
2011,Apr,6,Fri,0
2011,Apr,7,Sat,0
2011,Apr,8,Sun,0
2011,Apr,9,Mon,0
2011,Apr,10,Tue,0
2011,Apr,11,Wed,0
2011,Apr,12,Thur,0
2011,Apr,13,Fri,0
2011,Apr,14,Sat,0
2011,Apr,15,Sun,0
2011,Apr,16,Mon,0
2011,Apr,17,Tue,0
2011,Apr,18,Wed,0
2011,Apr,19,Thur,0
2011,Apr,20,Fri,1
2011,Apr,21,Sat,0
2011,Apr,22,Sun,0
2011,Apr,23,Mon,1
2011,Apr,24,Tue,0
2011,Apr,25,Wed,0
2011,Apr,26,Thur,0
2011,Apr,27,Fri,1
2011,Apr,28,Sat,0
2011,Apr,29,Sun,0
2011,Apr,30,Mon,0
2011,May,1,Tue,0
2011,May,2,Wed,0
2011,May,3,Thur,0
2011,May,4,Fri,0
2011,May,5,Sat,0
2011,May,6,Sun,0
2011,May,7,Mon,1
2011,May,8,Tue,0
2011,May,9,Wed,0
2011,May,10,Thur,0
2011,May,11,Fri,0
2011,May,12,Sat,0
2011,May,13,Sun,0
2011,May,14,Mon,0
2011,May,15,Tue,0
2011,May,16,Wed,0
2011,May,17,Thur,0
2011,May,18,Fri,0
2011,May,19,Sat,0
2011,May,20,Sun,0
2011,May,21,Mon,0
2011,May,22,Tue,0
2011,May,23,Wed,0
2011,May,24,Thur,0
2011,May,25,Fri,0
2011,May,26,Sat,0
2011,May,27,Sun,0
2011,May,28,Mon,1
2011,May,29,Tue,0
2011,May,30,Wed,0
2011,May,31,Thur,0
2011,Jun,1,Fri,0
2011,Jun,2,Sat,0
2011,Jun,3,Sun,0
2011,Jun,4,Mon,0
2011,Jun,5,Tue,0
2011,Jun,6,Wed,0
2011,Jun,7,Thur,0
2011,Jun,8,Fri,0
2011,Jun,9,Sat,0
2011,Jun,10,Sun,0
2011,Jun,11,Mon,0
2011,Jun,12,Tue,0
2011,Jun,13,Wed,0
2011,Jun,14,Thur,0
2011,Jun,15,Fri,0
2011,Jun,16,Sat,0
2011,Jun,17,Sun,0
2011,Jun,18,Mon,0
2011,Jun,19,Tue,0
2011,Jun,20,Wed,0
2011,Jun,21,Thur,0
2011,Jun,22,Fri,0
2011,Jun,23,Sat,0
2011,Jun,24,Sun,0
2011,Jun,25,Mon,0
2011,Jun,26,Tue,0
2011,Jun,27,Wed,0
2011,Jun,28,Thur,0
2011,Jun,29,Fri,0
2011,Jun,30,Sat,0
2011,Jul,1,Sun,0
2011,Jul,2,Mon,0
2011,Jul,3,Tue,0
2011,Jul,4,Wed,0
2011,Jul,5,Thur,0
2011,Jul,6,Fri,0
2011,Jul,7,Sat,0
2011,Jul,8,Sun,0
2011,Jul,9,Mon,0
2011,Jul,10,Tue,0
2011,Jul,11,Wed,0
2011,Jul,12,Thur,0
2011,Jul,13,Fri,0
2011,Jul,14,Sat,0
2011,Jul,15,Sun,0
2011,Jul,16,Mon,0
2011,Jul,17,Tue,0
2011,Jul,18,Wed,0
2011,Jul,19,Thur,0
2011,Jul,20,Fri,0
2011,Jul,21,Sat,0
2011,Jul,22,Sun,0
2011,Jul,23,Mon,0
2011,Jul,24,Tue,0
2011,Jul,25,Wed,0
2011,Jul,26,Thur,0
2011,Jul,27,Fri,0
2011,Jul,28,Sat,0
2011,Jul,29,Sun,0
2011,Jul,30,Mon,0
2011,Aug,1,Tue,0
2011,Aug,2,Wed,0
2011,Aug,3,Thur,0
2011,Aug,4,Fri,0
2011,Aug,5,Sat,0
2011,Aug,6,Sun,0
2011,Aug,7,Mon,0
2011,Aug,8,Tue,0
2011,Aug,9,Wed,0
2011,Aug,10,Thur,0
2011,Aug,11,Fri,0
2011,Aug,12,Sat,0
2011,Aug,13,Sun,0
2011,Aug,14,Mon,0
2011,Aug,15,Tue,0
2011,Aug,16,Wed,0
2011,Aug,17,Thur,0
2011,Aug,18,Fri,0
2011,Aug,19,Sat,0
2011,Aug,20,Sun,0
2011,Aug,21,Mon,0
2011,Aug,22,Tue,0
2011,Aug,23,Wed,0
2011,Aug,24,Thur,0
2011,Aug,25,Fri,0
2011,Aug,26,Sat,0
2011,Aug,27,Sun,0
2011,Aug,28,Mon,1
2011,Aug,29,Tue,0
2011,Aug,30,Wed,0
2011,Aug,31,Thur,0
2011,Sep,1,Fri,0
2011,Sep,2,Sat,0
2011,Sep,3,Sun,0
2011,Sep,4,Mon,0
2011,Sep,5,Tue,0
2011,Sep,6,Wed,0
2011,Sep,7,Thur,0
2011,Sep,8,Fri,0
2011,Sep,9,Sat,0
2011,Sep,10,Sun,0
2011,Sep,11,Mon,0
2011,Sep,12,Tue,0
2011,Sep,13,Wed,0
2011,Sep,14,Thur,0
2011,Sep,15,Fri,0
2011,Sep,16,Sat,0
2011,Sep,17,Sun,0
2011,Sep,18,Mon,0
2011,Sep,19,Tue,0
2011,Sep,20,Wed,0
2011,Sep,21,Thur,0
2011,Sep,22,Fri,0
2011,Sep,23,Sat,0
2011,Sep,24,Sun,0
2011,Sep,25,Mon,0
2011,Sep,26,Tue,0
2011,Sep,27,Wed,0
2011,Sep,28,Thur,0
2011,Sep,29,Fri,0
2011,Sep,30,Sat,0
2011,Oct,1,Sun,0
2011,Oct,2,Mon,0
2011,Oct,3,Tue,0
2011,Oct,4,Wed,0
2011,Oct,5,Thur,0
2011,Oct,6,Fri,0
2011,Oct,7,Sat,0
2011,Oct,8,Sun,0
2011,Oct,9,Mon,0
2011,Oct,10,Tue,0
2011,Oct,11,Wed,0
2011,Oct,12,Thur,0
2011,Oct,13,Fri,0
2011,Oct,14,Sat,0
2011,Oct,15,Sun,0
2011,Oct,16,Mon,0
2011,Oct,17,Tue,0
2011,Oct,18,Wed,0
2011,Oct,19,Thur,0
2011,Oct,20,Fri,0
2011,Oct,21,Sat,0
2011,Oct,22,Sun,0
2011,Oct,23,Mon,0
2011,Oct,24,Tue,0
2011,Oct,25,Wed,0
2011,Oct,26,Thur,0
2011,Oct,27,Fri,0
2011,Oct,28,Sat,0
2011,Oct,29,Sun,0
2011,Oct,30,Mon,0
2011,Oct,31,Tue,0
2011,Nov,1,Wed,0
2011,Nov,2,Thur,0
2011,Nov,3,Fri,0
2011,Nov,4,Sat,0
2011,Nov,5,Sun,0
2011,Nov,6,Mon,0
2011,Nov,7,Tue,0
2011,Nov,8,Wed,0
2011,Nov,9,Thur,0
2011,Nov,10,Fri,0
2011,Nov,11,Sat,0
2011,Nov,12,Sun,0
2011,Nov,13,Mon,0
2011,Nov,14,Tue,0
2011,Nov,15,Wed,0
2011,Nov,16,Thur,0
2011,Nov,17,Fri,0
2011,Nov,18,Sat,0
2011,Nov,19,Sun,0
2011,Nov,20,Mon,0
2011,Nov,21,Tue,0
2011,Nov,22,Wed,0
2011,Nov,23,Thur,0
2011,Nov,24,Fri,0
2011,Nov,25,Sat,0
2011,Nov,26,Sun,0
2011,Nov,27,Mon,0
2011,Nov,28,Tue,0
2011,Nov,29,Wed,0
2011,Nov,30,Thur,0
2011,Dec,1,Fri,0
2011,Dec,2,Sat,0
2011,Dec,3,Sun,0
2011,Dec,4,Mon,0
2011,Dec,5,Tue,0
2011,Dec,6,Wed,0
2011,Dec,7,Thur,0
2011,Dec,8,Fri,0
2011,Dec,9,Sat,0
2011,Dec,10,Sun,0
2011,Dec,11,Mon,0
2011,Dec,12,Tue,0
2011,Dec,13,Wed,0
2011,Dec,14,Thur,0
2011,Dec,15,Fri,0
2011,Dec,16,Sat,0
2011,Dec,17,Sun,0
2011,Dec,18,Mon,0
2011,Dec,19,Tue,0
2011,Dec,20,Wed,0
2011,Dec,21,Thur,0
2011,Dec,22,Fri,0
2011,Dec,23,Sat,0
2011,Dec,24,Sun,0
2011,Dec,25,Mon,1
2011,Dec,26,Tue,1
2011,Dec,27,Wed,0
2011,Dec,28,Thur,0
2011,Dec,29,Fri,0
2011,Dec,30,Sat,0
2011,Dec,31,Sun,0
2012,Jan,1,Mon,1
2012,Jan,2,Tue,0
2012,Jan,3,Wed,0
2012,Jan,4,Thur,0
2012,Jan,5,Fri,0
2012,Jan,6,Sat,0
2012,Jan,7,Sun,0
2012,Jan,8,Mon,0
2012,Jan,9,Tue,0
2012,Jan,10,Wed,0
2012,Jan,11,Thur,0
2012,Jan,12,Fri,0
2012,Jan,13,Sat,0
2012,Jan,14,Sun,0
2012,Jan,15,Mon,0
2012,Jan,16,Tue,0
2012,Jan,17,Wed,0
2012,Jan,18,Thur,0
2012,Jan,19,Fri,0
2012,Jan,20,Sat,0
2012,Jan,21,Sun,0
2012,Jan,22,Mon,0
2012,Jan,23,Tue,0
2012,Jan,24,Wed,0
2012,Jan,25,Thur,0
2012,Jan,26,Fri,0
2012,Jan,27,Sat,0
2012,Jan,28,Sun,0
2012,Jan,29,Mon,0
2012,Jan,30,Tue,0
2012,Jan,31,Wed,0
2012,Feb,1,Thur,0
2012,Feb,2,Fri,0
2012,Feb,3,Sat,0
2012,Feb,4,Sun,0
2012,Feb,5,Mon,0
2012,Feb,6,Tue,0
2012,Feb,7,Wed,0
2012,Feb,8,Thur,0
2012,Feb,9,Fri,0
2012,Feb,10,Sat,0
2012,Feb,11,Sun,0
2012,Feb,12,Mon,0
2012,Feb,13,Tue,0
2012,Feb,14,Wed,0
2012,Feb,15,Thur,0
2012,Feb,16,Fri,0
2012,Feb,17,Sat,0
2012,Feb,18,Sun,0
2012,Feb,19,Mon,0
2012,Feb,20,Tue,0
2012,Feb,21,Wed,0
2012,Feb,22,Thur,0
2012,Feb,23,Fri,0
2012,Feb,24,Sat,0
2012,Feb,25,Sun,0
2012,Feb,26,Mon,0
2012,Feb,27,Tue,0
2012,Feb,28,Wed,0
2012,March,1,Thur,0
2012,March,2,Fri,0
2012,March,3,Sat,0
2012,March,4,Sun,0
2012,March,5,Mon,0
2012,March,6,Tue,0
2012,March,7,Wed,0
2012,March,8,Thur,0
2012,March,9,Fri,0
2012,March,10,Sat,0
2012,March,11,Sun,0
2012,March,12,Mon,0
2012,March,13,Tue,0
2012,March,14,Wed,0
2012,March,15,Thur,0
2012,March,16,Fri,0
2012,March,17,Sat,0
2012,March,18,Sun,0
2012,March,19,Mon,0
2012,March,20,Tue,0
2012,March,21,Wed,0
2012,March,22,Thur,0
2012,March,23,Fri,0
2012,March,24,Sat,0
2012,March,25,Sun,0
2012,March,26,Mon,0
2012,March,27,Tue,0
2012,March,28,Wed,0
2012,March,29,Thur,0
2012,March,30,Fri,0
2012,March,31,Sat,0
2012,Apr,1,Sun,0
2012,Apr,2,Mon,0
2012,Apr,3,Tue,0
2012,Apr,4,Wed,0
2012,Apr,5,Thur,0
2012,Apr,6,Fri,1
2012,Apr,7,Sat,0
2012,Apr,8,Sun,0
2012,Apr,9,Mon,1
2012,Apr,10,Tue,0
2012,Apr,11,Wed,0
2012,Apr,12,Thur,0
2012,Apr,13,Fri,0
2012,Apr,14,Sat,0
2012,Apr,15,Sun,0
2012,Apr,16,Mon,0
2012,Apr,17,Tue,0
2012,Apr,18,Wed,0
2012,Apr,19,Thur,0
2012,Apr,20,Fri,0
2012,Apr,21,Sat,0
2012,Apr,22,Sun,0
2012,Apr,23,Mon,0
2012,Apr,24,Tue,0
2012,Apr,25,Wed,0
2012,Apr,26,Thur,0
2012,Apr,27,Fri,0
2012,Apr,28,Sat,0
2012,Apr,29,Sun,0
2012,Apr,30,Mon,0
2012,May,1,Tue,0
2012,May,2,Wed,0
2012,May,3,Thur,0
2012,May,4,Fri,0
2012,May,5,Sat,0
2012,May,6,Sun,0
2012,May,7,Mon,1
2012,May,8,Tue,0
2012,May,9,Wed,0
2012,May,10,Thur,0
2012,May,11,Fri,0
2012,May,12,Sat,0
2012,May,13,Sun,0
2012,May,14,Mon,0
2012,May,15,Tue,0
2012,May,16,Wed,0
2012,May,17,Thur,0
2012,May,18,Fri,0
2012,May,19,Sat,0
2012,May,20,Sun,0
2012,May,21,Mon,0
2012,May,22,Tue,0
2012,May,23,Wed,0
2012,May,24,Thur,0
2012,May,25,Fri,0
2012,May,26,Sat,0
2012,May,27,Sun,0
2012,May,28,Mon,0
2012,May,29,Tue,0
2012,May,30,Wed,0
2012,May,31,Thur,0
2012,Jun,1,Fri,0
2012,Jun,2,Sat,0
2012,Jun,3,Sun,0
2012,Jun,4,Mon,1
2012,Jun,5,Tue,1
2012,Jun,6,Wed,0
2012,Jun,7,Thur,0
2012,Jun,8,Fri,0
2012,Jun,9,Sat,0
2012,Jun,10,Sun,0
2012,Jun,11,Mon,0
2012,Jun,12,Tue,0
2012,Jun,13,Wed,0
2012,Jun,14,Thur,0
2012,Jun,15,Fri,0
2012,Jun,16,Sat,0
2012,Jun,17,Sun,0
2012,Jun,18,Mon,0
2012,Jun,19,Tue,0
2012,Jun,20,Wed,0
2012,Jun,21,Thur,0
2012,Jun,22,Fri,0
2012,Jun,23,Sat,0
2012,Jun,24,Sun,0
2012,Jun,25,Mon,0
2012,Jun,26,Tue,0
2012,Jun,27,Wed,0
2012,Jun,28,Thur,0
2012,Jun,29,Fri,0
2012,Jun,30,Sat,0
2012,Jul,1,Sun,0
2012,Jul,2,Mon,0
2012,Jul,3,Tue,0
2012,Jul,4,Wed,0
2012,Jul,5,Thur,0
2012,Jul,6,Fri,0
2012,Jul,7,Sat,0
2012,Jul,8,Sun,0
2012,Jul,9,Mon,0
2012,Jul,10,Tue,0
2012,Jul,11,Wed,0
2012,Jul,12,Thur,0
2012,Jul,13,Fri,0
2012,Jul,14,Sat,0
2012,Jul,15,Sun,0
2012,Jul,16,Mon,0
2012,Jul,17,Tue,0
2012,Jul,18,Wed,0
2012,Jul,19,Thur,0
2012,Jul,20,Fri,0
2012,Jul,21,Sat,0
2012,Jul,22,Sun,0
2012,Jul,23,Mon,0
2012,Jul,24,Tue,0
2012,Jul,25,Wed,0
2012,Jul,26,Thur,0
2012,Jul,27,Fri,0
2012,Jul,28,Sat,0
2012,Jul,29,Sun,0
2012,Jul,30,Mon,0
2012,Aug,1,Tue,0
2012,Aug,2,Wed,0
2012,Aug,3,Thur,0
2012,Aug,4,Fri,0
2012,Aug,5,Sat,0
2012,Aug,6,Sun,0
2012,Aug,7,Mon,0
2012,Aug,8,Tue,0
2012,Aug,9,Wed,0
2012,Aug,10,Thur,0
2012,Aug,11,Fri,0
2012,Aug,12,Sat,0
2012,Aug,13,Sun,0
2012,Aug,14,Mon,0
2012,Aug,15,Tue,0
2012,Aug,16,Wed,0
2012,Aug,17,Thur,0
2012,Aug,18,Fri,0
2012,Aug,19,Sat,0
2012,Aug,20,Sun,0
2012,Aug,21,Mon,0
2012,Aug,22,Tue,0
2012,Aug,23,Wed,0
2012,Aug,24,Thur,0
2012,Aug,25,Fri,0
2012,Aug,26,Sat,0
2012,Aug,27,Sun,0
2012,Aug,28,Mon,1
2012,Aug,29,Tue,0
2012,Aug,30,Wed,0
2012,Aug,31,Thur,0
2012,Sep,1,Fri,0
2012,Sep,2,Sat,0
2012,Sep,3,Sun,0
2012,Sep,4,Mon,0
2012,Sep,5,Tue,0
2012,Sep,6,Wed,0
2012,Sep,7,Thur,0
2012,Sep,8,Fri,0
2012,Sep,9,Sat,0
2012,Sep,10,Sun,0
2012,Sep,11,Mon,0
2012,Sep,12,Tue,0
2012,Sep,13,Wed,0
2012,Sep,14,Thur,0
2012,Sep,15,Fri,0
2012,Sep,16,Sat,0
2012,Sep,17,Sun,0
2012,Sep,18,Mon,0
2012,Sep,19,Tue,0
2012,Sep,20,Wed,0
2012,Sep,21,Thur,0
2012,Sep,22,Fri,0
2012,Sep,23,Sat,0
2012,Sep,24,Sun,0
2012,Sep,25,Mon,0
2012,Sep,26,Tue,0
2012,Sep,27,Wed,0
2012,Sep,28,Thur,0
2012,Sep,29,Fri,0
2012,Sep,30,Sat,0
2012,Oct,1,Sun,0
2012,Oct,2,Mon,0
2012,Oct,3,Tue,0
2012,Oct,4,Wed,0
2012,Oct,5,Thur,0
2012,Oct,6,Fri,0
2012,Oct,7,Sat,0
2012,Oct,8,Sun,0
2012,Oct,9,Mon,0
2012,Oct,10,Tue,0
2012,Oct,11,Wed,0
2012,Oct,12,Thur,0
2012,Oct,13,Fri,0
2012,Oct,14,Sat,0
2012,Oct,15,Sun,0
2012,Oct,16,Mon,0
2012,Oct,17,Tue,0
2012,Oct,18,Wed,0
2012,Oct,19,Thur,0
2012,Oct,20,Fri,0
2012,Oct,21,Sat,0
2012,Oct,22,Sun,0
2012,Oct,23,Mon,0
2012,Oct,24,Tue,0
2012,Oct,25,Wed,0
2012,Oct,26,Thur,0
2012,Oct,27,Fri,0
2012,Oct,28,Sat,0
2012,Oct,29,Sun,0
2012,Oct,30,Mon,0
2012,Oct,31,Tue,0
2012,Nov,1,Wed,0
2012,Nov,2,Thur,0
2012,Nov,3,Fri,0
2012,Nov,4,Sat,0
2012,Nov,5,Sun,0
2012,Nov,6,Mon,0
2012,Nov,7,Tue,0
2012,Nov,8,Wed,0
2012,Nov,9,Thur,0
2012,Nov,10,Fri,0
2012,Nov,11,Sat,0
2012,Nov,12,Sun,0
2012,Nov,13,Mon,0
2012,Nov,14,Tue,0
2012,Nov,15,Wed,0
2012,Nov,16,Thur,0
2012,Nov,17,Fri,0
2012,Nov,18,Sat,0
2012,Nov,19,Sun,0
2012,Nov,20,Mon,0
2012,Nov,21,Tue,0
2012,Nov,22,Wed,0
2012,Nov,23,Thur,0
2012,Nov,24,Fri,0
2012,Nov,25,Sat,0
2012,Nov,26,Sun,0
2012,Nov,27,Mon,0
2012,Nov,28,Tue,0
2012,Nov,29,Wed,0
2012,Nov,30,Thur,0
2012,Dec,1,Fri,0
2012,Dec,2,Sat,0
2012,Dec,3,Sun,0
2012,Dec,4,Mon,0
2012,Dec,5,Tue,0
2012,Dec,6,Wed,0
2012,Dec,7,Thur,0
2012,Dec,8,Fri,0
2012,Dec,9,Sat,0
2012,Dec,10,Sun,0
2012,Dec,11,Mon,0
2012,Dec,12,Tue,0
2012,Dec,13,Wed,0
2012,Dec,14,Thur,0
2012,Dec,15,Fri,0
2012,Dec,16,Sat,0
2012,Dec,17,Sun,0
2012,Dec,18,Mon,0
2012,Dec,19,Tue,0
2012,Dec,20,Wed,0
2012,Dec,21,Thur,0
2012,Dec,22,Fri,0
2012,Dec,23,Sat,0
2012,Dec,24,Sun,0
2012,Dec,25,Mon,1
2012,Dec,26,Tue,1
2012,Dec,27,Wed,0
2012,Dec,28,Thur,0
2012,Dec,29,Fri,0
2012,Dec,30,Sat,0
2012,Dec,31,Sun,0
2013,Jan,1,Mon,1
2013,Jan,2,Tue,0
2013,Jan,3,Wed,0
2013,Jan,4,Thur,0
2013,Jan,5,Fri,0
2013,Jan,6,Sat,0
2013,Jan,7,Sun,0
2013,Jan,8,Mon,0
2013,Jan,9,Tue,0
2013,Jan,10,Wed,0
2013,Jan,11,Thur,0
2013,Jan,12,Fri,0
2013,Jan,13,Sat,0
2013,Jan,14,Sun,0
2013,Jan,15,Mon,0
2013,Jan,16,Tue,0
2013,Jan,17,Wed,0
2013,Jan,18,Thur,0
2013,Jan,19,Fri,0
2013,Jan,20,Sat,0
2013,Jan,21,Sun,0
2013,Jan,22,Mon,0
2013,Jan,23,Tue,0
2013,Jan,24,Wed,0
2013,Jan,25,Thur,0
2013,Jan,26,Fri,0
2013,Jan,27,Sat,0
2013,Jan,28,Sun,0
2013,Jan,29,Mon,0
2013,Jan,30,Tue,0
2013,Jan,31,Wed,0
2013,Feb,1,Thur,0
2013,Feb,2,Fri,0
2013,Feb,3,Sat,0
2013,Feb,4,Sun,0
2013,Feb,5,Mon,0
2013,Feb,6,Tue,0
2013,Feb,7,Wed,0
2013,Feb,8,Thur,0
2013,Feb,9,Fri,0
2013,Feb,10,Sat,0
2013,Feb,11,Sun,0
2013,Feb,12,Mon,0
2013,Feb,13,Tue,0
2013,Feb,14,Wed,0
2013,Feb,15,Thur,0
2013,Feb,16,Fri,0
2013,Feb,17,Sat,0
2013,Feb,18,Sun,0
2013,Feb,19,Mon,0
2013,Feb,20,Tue,0
2013,Feb,21,Wed,0
2013,Feb,22,Thur,0
2013,Feb,23,Fri,0
2013,Feb,24,Sat,0
2013,Feb,25,Sun,0
2013,Feb,26,Mon,0
2013,Feb,27,Tue,0
2013,Feb,28,Wed,0
2013,March,1,Thur,0
2013,March,2,Fri,0
2013,March,3,Sat,0
2013,March,4,Sun,0
2013,March,5,Mon,0
2013,March,6,Tue,0
2013,March,7,Wed,0
2013,March,8,Thur,0
2013,March,9,Fri,0
2013,March,10,Sat,0
2013,March,11,Sun,0
2013,March,12,Mon,0
2013,March,13,Tue,0
2013,March,14,Wed,0
2013,March,15,Thur,0
2013,March,16,Fri,0
2013,March,17,Sat,0
2013,March,18,Sun,0
2013,March,19,Mon,0
2013,March,20,Tue,0
2013,March,21,Wed,0
2013,March,22,Thur,0
2013,March,23,Fri,0
2013,March,24,Sat,0
2013,March,25,Sun,0
2013,March,26,Mon,0
2013,March,27,Tue,0
2013,March,28,Wed,0
2013,March,29,Thur,0
2013,March,30,Fri,1
2013,March,31,Sat,0
2013,Apr,1,Sun,0
2013,Apr,2,Mon,1
2013,Apr,3,Tue,0
2013,Apr,4,Wed,0
2013,Apr,5,Thur,0
2013,Apr,6,Fri,0
2013,Apr,7,Sat,0
2013,Apr,8,Sun,0
2013,Apr,9,Mon,0
2013,Apr,10,Tue,0
2013,Apr,11,Wed,0
2013,Apr,12,Thur,0
2013,Apr,13,Fri,0
2013,Apr,14,Sat,0
2013,Apr,15,Sun,0
2013,Apr,16,Mon,0
2013,Apr,17,Tue,0
2013,Apr,18,Wed,0
2013,Apr,19,Thur,0
2013,Apr,20,Fri,0
2013,Apr,21,Sat,0
2013,Apr,22,Sun,0
2013,Apr,23,Mon,0
2013,Apr,24,Tue,0
2013,Apr,25,Wed,0
2013,Apr,26,Thur,0
2013,Apr,27,Fri,0
2013,Apr,28,Sat,0
2013,Apr,29,Sun,0
2013,Apr,30,Mon,0
2013,May,1,Tue,0
2013,May,2,Wed,0
2013,May,3,Thur,0
2013,May,4,Fri,0
2013,May,5,Sat,0
2013,May,6,Sun,0
2013,May,7,Mon,1
2013,May,8,Tue,0
2013,May,9,Wed,0
2013,May,10,Thur,0
2013,May,11,Fri,0
2013,May,12,Sat,0
2013,May,13,Sun,0
2013,May,14,Mon,0
2013,May,15,Tue,0
2013,May,16,Wed,0
2013,May,17,Thur,0
2013,May,18,Fri,0
2013,May,19,Sat,0
2013,May,20,Sun,0
2013,May,21,Mon,0
2013,May,22,Tue,0
2013,May,23,Wed,0
2013,May,24,Thur,0
2013,May,25,Fri,0
2013,May,26,Sat,0
2013,May,27,Sun,0
2013,May,28,Mon,1
2013,May,29,Tue,0
2013,May,30,Wed,0
2013,May,31,Thur,0
2013,Jun,1,Fri,0
2013,Jun,2,Sat,0
2013,Jun,3,Sun,0
2013,Jun,4,Mon,0
2013,Jun,5,Tue,0
2013,Jun,6,Wed,0
2013,Jun,7,Thur,0
2013,Jun,8,Fri,0
2013,Jun,9,Sat,0
2013,Jun,10,Sun,0
2013,Jun,11,Mon,0
2013,Jun,12,Tue,0
2013,Jun,13,Wed,0
2013,Jun,14,Thur,0
2013,Jun,15,Fri,0
2013,Jun,16,Sat,0
2013,Jun,17,Sun,0
2013,Jun,18,Mon,0
2013,Jun,19,Tue,0
2013,Jun,20,Wed,0
2013,Jun,21,Thur,0
2013,Jun,22,Fri,0
2013,Jun,23,Sat,0
2013,Jun,24,Sun,0
2013,Jun,25,Mon,0
2013,Jun,26,Tue,0
2013,Jun,27,Wed,0
2013,Jun,28,Thur,0
2013,Jun,29,Fri,0
2013,Jun,30,Sat,0
2013,Jul,1,Sun,0
2013,Jul,2,Mon,0
2013,Jul,3,Tue,0
2013,Jul,4,Wed,0
2013,Jul,5,Thur,0
2013,Jul,6,Fri,0
2013,Jul,7,Sat,0
2013,Jul,8,Sun,0
2013,Jul,9,Mon,0
2013,Jul,10,Tue,0
2013,Jul,11,Wed,0
2013,Jul,12,Thur,0
2013,Jul,13,Fri,0
2013,Jul,14,Sat,0
2013,Jul,15,Sun,0
2013,Jul,16,Mon,0
2013,Jul,17,Tue,0
2013,Jul,18,Wed,0
2013,Jul,19,Thur,0
2013,Jul,20,Fri,0
2013,Jul,21,Sat,0
2013,Jul,22,Sun,0
2013,Jul,23,Mon,0
2013,Jul,24,Tue,0
2013,Jul,25,Wed,0
2013,Jul,26,Thur,0
2013,Jul,27,Fri,0
2013,Jul,28,Sat,0
2013,Jul,29,Sun,0
2013,Jul,30,Mon,0
2013,Aug,1,Tue,0
2013,Aug,2,Wed,0
2013,Aug,3,Thur,0
2013,Aug,4,Fri,0
2013,Aug,5,Sat,0
2013,Aug,6,Sun,0
2013,Aug,7,Mon,0
2013,Aug,8,Tue,0
2013,Aug,9,Wed,0
2013,Aug,10,Thur,0
2013,Aug,11,Fri,0
2013,Aug,12,Sat,0
2013,Aug,13,Sun,0
2013,Aug,14,Mon,0
2013,Aug,15,Tue,0
2013,Aug,16,Wed,0
2013,Aug,17,Thur,0
2013,Aug,18,Fri,0
2013,Aug,19,Sat,0
2013,Aug,20,Sun,0
2013,Aug,21,Mon,0
2013,Aug,22,Tue,0
2013,Aug,23,Wed,0
2013,Aug,24,Thur,0
2013,Aug,25,Fri,0
2013,Aug,26,Sat,0
2013,Aug,27,Sun,0
2013,Aug,28,Mon,1
2013,Aug,29,Tue,0
2013,Aug,30,Wed,0
2013,Aug,31,Thur,0
2013,Sep,1,Fri,0
2013,Sep,2,Sat,0
2013,Sep,3,Sun,0
2013,Sep,4,Mon,0
2013,Sep,5,Tue,0
2013,Sep,6,Wed,0
2013,Sep,7,Thur,0
2013,Sep,8,Fri,0
2013,Sep,9,Sat,0
2013,Sep,10,Sun,0
2013,Sep,11,Mon,0
2013,Sep,12,Tue,0
2013,Sep,13,Wed,0
2013,Sep,14,Thur,0
2013,Sep,15,Fri,0
2013,Sep,16,Sat,0
2013,Sep,17,Sun,0
2013,Sep,18,Mon,0
2013,Sep,19,Tue,0
2013,Sep,20,Wed,0
2013,Sep,21,Thur,0
2013,Sep,22,Fri,0
2013,Sep,23,Sat,0
2013,Sep,24,Sun,0
2013,Sep,25,Mon,0
2013,Sep,26,Tue,0
2013,Sep,27,Wed,0
2013,Sep,28,Thur,0
2013,Sep,29,Fri,0
2013,Sep,30,Sat,0
2013,Oct,1,Sun,0
2013,Oct,2,Mon,0
2013,Oct,3,Tue,0
2013,Oct,4,Wed,0
2013,Oct,5,Thur,0
2013,Oct,6,Fri,0
2013,Oct,7,Sat,0
2013,Oct,8,Sun,0
2013,Oct,9,Mon,0
2013,Oct,10,Tue,0
2013,Oct,11,Wed,0
2013,Oct,12,Thur,0
2013,Oct,13,Fri,0
2013,Oct,14,Sat,0
2013,Oct,15,Sun,0
2013,Oct,16,Mon,0
2013,Oct,17,Tue,0
2013,Oct,18,Wed,0
2013,Oct,19,Thur,0
2013,Oct,20,Fri,0
2013,Oct,21,Sat,0
2013,Oct,22,Sun,0
2013,Oct,23,Mon,0
2013,Oct,24,Tue,0
2013,Oct,25,Wed,0
2013,Oct,26,Thur,0
2013,Oct,27,Fri,0
2013,Oct,28,Sat,0
2013,Oct,29,Sun,0
2013,Oct,30,Mon,0
2013,Oct,31,Tue,0
2013,Nov,1,Wed,0
2013,Nov,2,Thur,0
2013,Nov,3,Fri,0
2013,Nov,4,Sat,0
2013,Nov,5,Sun,0
2013,Nov,6,Mon,0
2013,Nov,7,Tue,0
2013,Nov,8,Wed,0
2013,Nov,9,Thur,0
2013,Nov,10,Fri,0
2013,Nov,11,Sat,0
2013,Nov,12,Sun,0
2013,Nov,13,Mon,0
2013,Nov,14,Tue,0
2013,Nov,15,Wed,0
2013,Nov,16,Thur,0
2013,Nov,17,Fri,0
2013,Nov,18,Sat,0
2013,Nov,19,Sun,0
2013,Nov,20,Mon,0
2013,Nov,21,Tue,0
2013,Nov,22,Wed,0
2013,Nov,23,Thur,0
2013,Nov,24,Fri,0
2013,Nov,25,Sat,0
2013,Nov,26,Sun,0
2013,Nov,27,Mon,0
2013,Nov,28,Tue,0
2013,Nov,29,Wed,0
2013,Nov,30,Thur,0
2013,Dec,1,Fri,0
2013,Dec,2,Sat,0
2013,Dec,3,Sun,0
2013,Dec,4,Mon,0
2013,Dec,5,Tue,0
2013,Dec,6,Wed,0
2013,Dec,7,Thur,0
2013,Dec,8,Fri,0
2013,Dec,9,Sat,0
2013,Dec,10,Sun,0
2013,Dec,11,Mon,0
2013,Dec,12,Tue,0
2013,Dec,13,Wed,0
2013,Dec,14,Thur,0
2013,Dec,15,Fri,0
2013,Dec,16,Sat,0
2013,Dec,17,Sun,0
2013,Dec,18,Mon,0
2013,Dec,19,Tue,0
2013,Dec,20,Wed,0
2013,Dec,21,Thur,0
2013,Dec,22,Fri,0
2013,Dec,23,Sat,0
2013,Dec,24,Sun,0
2013,Dec,25,Mon,1
2013,Dec,26,Tue,1
2013,Dec,27,Wed,0
2013,Dec,28,Thur,0
2013,Dec,29,Fri,0
2013,Dec,30,Sat,0
2013,Dec,31,Sun,0
2014,Jan,1,Mon,1
2014,Jan,2,Tue,0
2014,Jan,3,Wed,0
2014,Jan,4,Thur,0
2014,Jan,5,Fri,0
2014,Jan,6,Sat,0
2014,Jan,7,Sun,0
2014,Jan,8,Mon,0
2014,Jan,9,Tue,0
2014,Jan,10,Wed,0
2014,Jan,11,Thur,0
2014,Jan,12,Fri,0
2014,Jan,13,Sat,0
2014,Jan,14,Sun,0
2014,Jan,15,Mon,0
2014,Jan,16,Tue,0
2014,Jan,17,Wed,0
2014,Jan,18,Thur,0
2014,Jan,19,Fri,0
2014,Jan,20,Sat,0
2014,Jan,21,Sun,0
2014,Jan,22,Mon,0
2014,Jan,23,Tue,0
2014,Jan,24,Wed,0
2014,Jan,25,Thur,0
2014,Jan,26,Fri,0
2014,Jan,27,Sat,0
2014,Jan,28,Sun,0
2014,Jan,29,Mon,0
2014,Jan,30,Tue,0
2014,Jan,31,Wed,0
2014,Feb,1,Thur,0
2014,Feb,2,Fri,0
2014,Feb,3,Sat,0
2014,Feb,4,Sun,0
2014,Feb,5,Mon,0
2014,Feb,6,Tue,0
2014,Feb,7,Wed,0
2014,Feb,8,Thur,0
2014,Feb,9,Fri,0
2014,Feb,10,Sat,0
2014,Feb,11,Sun,0
2014,Feb,12,Mon,0
2014,Feb,13,Tue,0
2014,Feb,14,Wed,0
2014,Feb,15,Thur,0
2014,Feb,16,Fri,0
2014,Feb,17,Sat,0
2014,Feb,18,Sun,0
2014,Feb,19,Mon,0
2014,Feb,20,Tue,0
2014,Feb,21,Wed,0
2014,Feb,22,Thur,0
2014,Feb,23,Fri,0
2014,Feb,24,Sat,0
2014,Feb,25,Sun,0
2014,Feb,26,Mon,0
2014,Feb,27,Tue,0
2014,Feb,28,Wed,0
2014,March,1,Thur,0
2014,March,2,Fri,0
2014,March,3,Sat,0
2014,March,4,Sun,0
2014,March,5,Mon,0
2014,March,6,Tue,0
2014,March,7,Wed,0
2014,March,8,Thur,0
2014,March,9,Fri,0
2014,March,10,Sat,0
2014,March,11,Sun,0
2014,March,12,Mon,0
2014,March,13,Tue,0
2014,March,14,Wed,0
2014,March,15,Thur,0
2014,March,16,Fri,0
2014,March,17,Sat,0
2014,March,18,Sun,0
2014,March,19,Mon,0
2014,March,20,Tue,0
2014,March,21,Wed,0
2014,March,22,Thur,0
2014,March,23,Fri,0
2014,March,24,Sat,0
2014,March,25,Sun,0
2014,March,26,Mon,0
2014,March,27,Tue,0
2014,March,28,Wed,0
2014,March,29,Thur,0
2014,March,30,Fri,0
2014,March,31,Sat,0
2014,Apr,1,Sun,0
2014,Apr,2,Mon,0
2014,Apr,3,Tue,0
2014,Apr,4,Wed,0
2014,Apr,5,Thur,0
2014,Apr,6,Fri,0
2014,Apr,7,Sat,0
2014,Apr,8,Sun,0
2014,Apr,9,Mon,0
2014,Apr,10,Tue,0
2014,Apr,11,Wed,0
2014,Apr,12,Thur,0
2014,Apr,13,Fri,0
2014,Apr,14,Sat,0
2014,Apr,15,Sun,0
2014,Apr,16,Mon,0
2014,Apr,17,Tue,0
2014,Apr,18,Wed,0
2014,Apr,19,Thur,0
2014,Apr,20,Fri,1
2014,Apr,21,Sat,0
2014,Apr,22,Sun,0
2014,Apr,23,Mon,1
2014,Apr,24,Tue,0
2014,Apr,25,Wed,0
2014,Apr,26,Thur,0
2014,Apr,27,Fri,0
2014,Apr,28,Sat,0
2014,Apr,29,Sun,0
2014,Apr,30,Mon,0
2014,May,1,Tue,0
2014,May,2,Wed,0
2014,May,3,Thur,0
2014,May,4,Fri,0
2014,May,5,Sat,0
2014,May,6,Sun,0
2014,May,7,Mon,1
2014,May,8,Tue,0
2014,May,9,Wed,0
2014,May,10,Thur,0
2014,May,11,Fri,0
2014,May,12,Sat,0
2014,May,13,Sun,0
2014,May,14,Mon,0
2014,May,15,Tue,0
2014,May,16,Wed,0
2014,May,17,Thur,0
2014,May,18,Fri,0
2014,May,19,Sat,0
2014,May,20,Sun,0
2014,May,21,Mon,0
2014,May,22,Tue,0
2014,May,23,Wed,0
2014,May,24,Thur,0
2014,May,25,Fri,0
2014,May,26,Sat,0
2014,May,27,Sun,0
2014,May,28,Mon,1
2014,May,29,Tue,0
2014,May,30,Wed,0
2014,May,31,Thur,0
2014,Jun,1,Fri,0
2014,Jun,2,Sat,0
2014,Jun,3,Sun,0
2014,Jun,4,Mon,0
2014,Jun,5,Tue,0
2014,Jun,6,Wed,0
2014,Jun,7,Thur,0
2014,Jun,8,Fri,0
2014,Jun,9,Sat,0
2014,Jun,10,Sun,0
2014,Jun,11,Mon,0
2014,Jun,12,Tue,0
2014,Jun,13,Wed,0
2014,Jun,14,Thur,0
2014,Jun,15,Fri,0
2014,Jun,16,Sat,0
2014,Jun,17,Sun,0
2014,Jun,18,Mon,0
2014,Jun,19,Tue,0
2014,Jun,20,Wed,0
2014,Jun,21,Thur,0
2014,Jun,22,Fri,0
2014,Jun,23,Sat,0
2014,Jun,24,Sun,0
2014,Jun,25,Mon,0
2014,Jun,26,Tue,0
2014,Jun,27,Wed,0
2014,Jun,28,Thur,0
2014,Jun,29,Fri,0
2014,Jun,30,Sat,0
2014,Jul,1,Sun,0
2014,Jul,2,Mon,0
2014,Jul,3,Tue,0
2014,Jul,4,Wed,0
2014,Jul,5,Thur,0
2014,Jul,6,Fri,0
2014,Jul,7,Sat,0
2014,Jul,8,Sun,0
2014,Jul,9,Mon,0
2014,Jul,10,Tue,0
2014,Jul,11,Wed,0
2014,Jul,12,Thur,0
2014,Jul,13,Fri,0
2014,Jul,14,Sat,0
2014,Jul,15,Sun,0
2014,Jul,16,Mon,0
2014,Jul,17,Tue,0
2014,Jul,18,Wed,0
2014,Jul,19,Thur,0
2014,Jul,20,Fri,0
2014,Jul,21,Sat,0
2014,Jul,22,Sun,0
2014,Jul,23,Mon,0
2014,Jul,24,Tue,0
2014,Jul,25,Wed,0
2014,Jul,26,Thur,0
2014,Jul,27,Fri,0
2014,Jul,28,Sat,0
2014,Jul,29,Sun,0
2014,Jul,30,Mon,0
2014,Aug,1,Tue,0
2014,Aug,2,Wed,0
2014,Aug,3,Thur,0
2014,Aug,4,Fri,0
2014,Aug,5,Sat,0
2014,Aug,6,Sun,0
2014,Aug,7,Mon,0
2014,Aug,8,Tue,0
2014,Aug,9,Wed,0
2014,Aug,10,Thur,0
2014,Aug,11,Fri,0
2014,Aug,12,Sat,0
2014,Aug,13,Sun,0
2014,Aug,14,Mon,0
2014,Aug,15,Tue,0
2014,Aug,16,Wed,0
2014,Aug,17,Thur,0
2014,Aug,18,Fri,0
2014,Aug,19,Sat,0
2014,Aug,20,Sun,0
2014,Aug,21,Mon,0
2014,Aug,22,Tue,0
2014,Aug,23,Wed,0
2014,Aug,24,Thur,0
2014,Aug,25,Fri,0
2014,Aug,26,Sat,0
2014,Aug,27,Sun,0
2014,Aug,28,Mon,1
2014,Aug,29,Tue,0
2014,Aug,30,Wed,0
2014,Aug,31,Thur,0
2014,Sep,1,Fri,0
2014,Sep,2,Sat,0
2014,Sep,3,Sun,0
2014,Sep,4,Mon,0
2014,Sep,5,Tue,0
2014,Sep,6,Wed,0
2014,Sep,7,Thur,0
2014,Sep,8,Fri,0
2014,Sep,9,Sat,0
2014,Sep,10,Sun,0
2014,Sep,11,Mon,0
2014,Sep,12,Tue,0
2014,Sep,13,Wed,0
2014,Sep,14,Thur,0
2014,Sep,15,Fri,0
2014,Sep,16,Sat,0
2014,Sep,17,Sun,0
2014,Sep,18,Mon,0
2014,Sep,19,Tue,0
2014,Sep,20,Wed,0
2014,Sep,21,Thur,0
2014,Sep,22,Fri,0
2014,Sep,23,Sat,0
2014,Sep,24,Sun,0
2014,Sep,25,Mon,0
2014,Sep,26,Tue,0
2014,Sep,27,Wed,0
2014,Sep,28,Thur,0
2014,Sep,29,Fri,0
2014,Sep,30,Sat,0
2014,Oct,1,Sun,0
2014,Oct,2,Mon,0
2014,Oct,3,Tue,0
2014,Oct,4,Wed,0
2014,Oct,5,Thur,0
2014,Oct,6,Fri,0
2014,Oct,7,Sat,0
2014,Oct,8,Sun,0
2014,Oct,9,Mon,0
2014,Oct,10,Tue,0
2014,Oct,11,Wed,0
2014,Oct,12,Thur,0
2014,Oct,13,Fri,0
2014,Oct,14,Sat,0
2014,Oct,15,Sun,0
2014,Oct,16,Mon,0
2014,Oct,17,Tue,0
2014,Oct,18,Wed,0
2014,Oct,19,Thur,0
2014,Oct,20,Fri,0
2014,Oct,21,Sat,0
2014,Oct,22,Sun,0
2014,Oct,23,Mon,0
2014,Oct,24,Tue,0
2014,Oct,25,Wed,0
2014,Oct,26,Thur,0
2014,Oct,27,Fri,0
2014,Oct,28,Sat,0
2014,Oct,29,Sun,0
2014,Oct,30,Mon,0
2014,Oct,31,Tue,0
2014,Nov,1,Wed,0
2014,Nov,2,Thur,0
2014,Nov,3,Fri,0
2014,Nov,4,Sat,0
2014,Nov,5,Sun,0
2014,Nov,6,Mon,0
2014,Nov,7,Tue,0
2014,Nov,8,Wed,0
2014,Nov,9,Thur,0
2014,Nov,10,Fri,0
2014,Nov,11,Sat,0
2014,Nov,12,Sun,0
2014,Nov,13,Mon,0
2014,Nov,14,Tue,0
2014,Nov,15,Wed,0
2014,Nov,16,Thur,0
2014,Nov,17,Fri,0
2014,Nov,18,Sat,0
2014,Nov,19,Sun,0
2014,Nov,20,Mon,0
2014,Nov,21,Tue,0
2014,Nov,22,Wed,0
2014,Nov,23,Thur,0
2014,Nov,24,Fri,0
2014,Nov,25,Sat,0
2014,Nov,26,Sun,0
2014,Nov,27,Mon,0
2014,Nov,28,Tue,0
2014,Nov,29,Wed,0
2014,Nov,30,Thur,0
2014,Dec,1,Fri,0
2014,Dec,2,Sat,0
2014,Dec,3,Sun,0
2014,Dec,4,Mon,0
2014,Dec,5,Tue,0
2014,Dec,6,Wed,0
2014,Dec,7,Thur,0
2014,Dec,8,Fri,0
2014,Dec,9,Sat,0
2014,Dec,10,Sun,0
2014,Dec,11,Mon,0
2014,Dec,12,Tue,0
2014,Dec,13,Wed,0
2014,Dec,14,Thur,0
2014,Dec,15,Fri,0
2014,Dec,16,Sat,0
2014,Dec,17,Sun,0
2014,Dec,18,Mon,0
2014,Dec,19,Tue,0
2014,Dec,20,Wed,0
2014,Dec,21,Thur,0
2014,Dec,22,Fri,0
2014,Dec,23,Sat,0
2014,Dec,24,Sun,0
2014,Dec,25,Mon,1
2014,Dec,26,Tue,1
2014,Dec,27,Wed,0
2014,Dec,28,Thur,0
2014,Dec,29,Fri,0
2014,Dec,30,Sat,0
2014,Dec,31,Sun,0
2015,Jan,1,Mon,1
2015,Jan,2,Tue,0
2015,Jan,3,Wed,0
2015,Jan,4,Thur,0
2015,Jan,5,Fri,0
2015,Jan,6,Sat,0
2015,Jan,7,Sun,0
2015,Jan,8,Mon,0
2015,Jan,9,Tue,0
2015,Jan,10,Wed,0
2015,Jan,11,Thur,0
2015,Jan,12,Fri,0
2015,Jan,13,Sat,0
2015,Jan,14,Sun,0
2015,Jan,15,Mon,0
2015,Jan,16,Tue,0
2015,Jan,17,Wed,0
2015,Jan,18,Thur,0
2015,Jan,19,Fri,0
2015,Jan,20,Sat,0
2015,Jan,21,Sun,0
2015,Jan,22,Mon,0
2015,Jan,23,Tue,0
2015,Jan,24,Wed,0
2015,Jan,25,Thur,0
2015,Jan,26,Fri,0
2015,Jan,27,Sat,0
2015,Jan,28,Sun,0
2015,Jan,29,Mon,0
2015,Jan,30,Tue,0
2015,Jan,31,Wed,0
2015,Feb,1,Thur,0
2015,Feb,2,Fri,0
2015,Feb,3,Sat,0
2015,Feb,4,Sun,0
2015,Feb,5,Mon,0
2015,Feb,6,Tue,0
2015,Feb,7,Wed,0
2015,Feb,8,Thur,0
2015,Feb,9,Fri,0
2015,Feb,10,Sat,0
2015,Feb,11,Sun,0
2015,Feb,12,Mon,0
2015,Feb,13,Tue,0
2015,Feb,14,Wed,0
2015,Feb,15,Thur,0
2015,Feb,16,Fri,0
2015,Feb,17,Sat,0
2015,Feb,18,Sun,0
2015,Feb,19,Mon,0
2015,Feb,20,Tue,0
2015,Feb,21,Wed,0
2015,Feb,22,Thur,0
2015,Feb,23,Fri,0
2015,Feb,24,Sat,0
2015,Feb,25,Sun,0
2015,Feb,26,Mon,0
2015,Feb,27,Tue,0
2015,Feb,28,Wed,0
2015,March,1,Thur,0
2015,March,2,Fri,0
2015,March,3,Sat,0
2015,March,4,Sun,0
2015,March,5,Mon,0
2015,March,6,Tue,0
2015,March,7,Wed,0
2015,March,8,Thur,0
2015,March,9,Fri,0
2015,March,10,Sat,0
2015,March,11,Sun,0
2015,March,12,Mon,0
2015,March,13,Tue,0
2015,March,14,Wed,0
2015,March,15,Thur,0
2015,March,16,Fri,0
2015,March,17,Sat,0
2015,March,18,Sun,0
2015,March,19,Mon,0
2015,March,20,Tue,0
2015,March,21,Wed,0
2015,March,22,Thur,0
2015,March,23,Fri,0
2015,March,24,Sat,0
2015,March,25,Sun,0
2015,March,26,Mon,0
2015,March,27,Tue,0
2015,March,28,Wed,0
2015,March,29,Thur,0
2015,March,30,Fri,0
2015,March,31,Sat,0
2015,Apr,1,Sun,0
2015,Apr,2,Mon,0
2015,Apr,3,Tue,0
2015,Apr,4,Wed,0
2015,Apr,5,Thur,0
2015,Apr,6,Fri,1
2015,Apr,7,Sat,0
2015,Apr,8,Sun,0
2015,Apr,9,Mon,1
2015,Apr,10,Tue,0
2015,Apr,11,Wed,0
2015,Apr,12,Thur,0
2015,Apr,13,Fri,0
2015,Apr,14,Sat,0
2015,Apr,15,Sun,0
2015,Apr,16,Mon,0
2015,Apr,17,Tue,0
2015,Apr,18,Wed,0
2015,Apr,19,Thur,0
2015,Apr,20,Fri,0
2015,Apr,21,Sat,0
2015,Apr,22,Sun,0
2015,Apr,23,Mon,0
2015,Apr,24,Tue,0
2015,Apr,25,Wed,0
2015,Apr,26,Thur,0
2015,Apr,27,Fri,0
2015,Apr,28,Sat,0
2015,Apr,29,Sun,0
2015,Apr,30,Mon,0
2015,May,1,Tue,0
2015,May,2,Wed,0
2015,May,3,Thur,0
2015,May,4,Fri,0
2015,May,5,Sat,0
2015,May,6,Sun,0
2015,May,7,Mon,1
2015,May,8,Tue,0
2015,May,9,Wed,0
2015,May,10,Thur,0
2015,May,11,Fri,0
2015,May,12,Sat,0
2015,May,13,Sun,0
2015,May,14,Mon,0
2015,May,15,Tue,0
2015,May,16,Wed,0
2015,May,17,Thur,0
2015,May,18,Fri,0
2015,May,19,Sat,0
2015,May,20,Sun,0
2015,May,21,Mon,0
2015,May,22,Tue,0
2015,May,23,Wed,0
2015,May,24,Thur,0
2015,May,25,Fri,0
2015,May,26,Sat,0
2015,May,27,Sun,0
2015,May,28,Mon,1
2015,May,29,Tue,0
2015,May,30,Wed,0
2015,May,31,Thur,0
2015,Jun,1,Fri,0
2015,Jun,2,Sat,0
2015,Jun,3,Sun,0
2015,Jun,4,Mon,0
2015,Jun,5,Tue,0
2015,Jun,6,Wed,0
2015,Jun,7,Thur,0
2015,Jun,8,Fri,0
2015,Jun,9,Sat,0
2015,Jun,10,Sun,0
2015,Jun,11,Mon,0
2015,Jun,12,Tue,0
2015,Jun,13,Wed,0
2015,Jun,14,Thur,0
2015,Jun,15,Fri,0
2015,Jun,16,Sat,0
2015,Jun,17,Sun,0
2015,Jun,18,Mon,0
2015,Jun,19,Tue,0
2015,Jun,20,Wed,0
2015,Jun,21,Thur,0
2015,Jun,22,Fri,0
2015,Jun,23,Sat,0
2015,Jun,24,Sun,0
2015,Jun,25,Mon,0
2015,Jun,26,Tue,0
2015,Jun,27,Wed,0
2015,Jun,28,Thur,0
2015,Jun,29,Fri,0
2015,Jun,30,Sat,0
2015,Jul,1,Sun,0
2015,Jul,2,Mon,0
2015,Jul,3,Tue,0
2015,Jul,4,Wed,0
2015,Jul,5,Thur,0
2015,Jul,6,Fri,0
2015,Jul,7,Sat,0
2015,Jul,8,Sun,0
2015,Jul,9,Mon,0
2015,Jul,10,Tue,0
2015,Jul,11,Wed,0
2015,Jul,12,Thur,0
2015,Jul,13,Fri,0
2015,Jul,14,Sat,0
2015,Jul,15,Sun,0
2015,Jul,16,Mon,0
2015,Jul,17,Tue,0
2015,Jul,18,Wed,0
2015,Jul,19,Thur,0
2015,Jul,20,Fri,0
2015,Jul,21,Sat,0
2015,Jul,22,Sun,0
2015,Jul,23,Mon,0
2015,Jul,24,Tue,0
2015,Jul,25,Wed,0
2015,Jul,26,Thur,0
2015,Jul,27,Fri,0
2015,Jul,28,Sat,0
2015,Jul,29,Sun,0
2015,Jul,30,Mon,0
2015,Aug,1,Tue,0
2015,Aug,2,Wed,0
2015,Aug,3,Thur,0
2015,Aug,4,Fri,0
2015,Aug,5,Sat,0
2015,Aug,6,Sun,0
2015,Aug,7,Mon,0
2015,Aug,8,Tue,0
2015,Aug,9,Wed,0
2015,Aug,10,Thur,0
2015,Aug,11,Fri,0
2015,Aug,12,Sat,0
2015,Aug,13,Sun,0
2015,Aug,14,Mon,0
2015,Aug,15,Tue,0
2015,Aug,16,Wed,0
2015,Aug,17,Thur,0
2015,Aug,18,Fri,0
2015,Aug,19,Sat,0
2015,Aug,20,Sun,0
2015,Aug,21,Mon,0
2015,Aug,22,Tue,0
2015,Aug,23,Wed,0
2015,Aug,24,Thur,0
2015,Aug,25,Fri,0
2015,Aug,26,Sat,0
2015,Aug,27,Sun,0
2015,Aug,28,Mon,1
2015,Aug,29,Tue,0
2015,Aug,30,Wed,0
2015,Aug,31,Thur,0
2015,Sep,1,Fri,0
2015,Sep,2,Sat,0
2015,Sep,3,Sun,0
2015,Sep,4,Mon,0
2015,Sep,5,Tue,0
2015,Sep,6,Wed,0
2015,Sep,7,Thur,0
2015,Sep,8,Fri,0
2015,Sep,9,Sat,0
2015,Sep,10,Sun,0
2015,Sep,11,Mon,0
2015,Sep,12,Tue,0
2015,Sep,13,Wed,0
2015,Sep,14,Thur,0
2015,Sep,15,Fri,0
2015,Sep,16,Sat,0
2015,Sep,17,Sun,0
2015,Sep,18,Mon,0
2015,Sep,19,Tue,0
2015,Sep,20,Wed,0
2015,Sep,21,Thur,0
2015,Sep,22,Fri,0
2015,Sep,23,Sat,0
2015,Sep,24,Sun,0
2015,Sep,25,Mon,0
2015,Sep,26,Tue,0
2015,Sep,27,Wed,0
2015,Sep,28,Thur,0
2015,Sep,29,Fri,0
2015,Sep,30,Sat,0
2015,Oct,1,Sun,0
2015,Oct,2,Mon,0
2015,Oct,3,Tue,0
2015,Oct,4,Wed,0
2015,Oct,5,Thur,0
2015,Oct,6,Fri,0
2015,Oct,7,Sat,0
2015,Oct,8,Sun,0
2015,Oct,9,Mon,0
2015,Oct,10,Tue,0
2015,Oct,11,Wed,0
2015,Oct,12,Thur,0
2015,Oct,13,Fri,0
2015,Oct,14,Sat,0
2015,Oct,15,Sun,0
2015,Oct,16,Mon,0
2015,Oct,17,Tue,0
2015,Oct,18,Wed,0
2015,Oct,19,Thur,0
2015,Oct,20,Fri,0
2015,Oct,21,Sat,0
2015,Oct,22,Sun,0
2015,Oct,23,Mon,0
2015,Oct,24,Tue,0
2015,Oct,25,Wed,0
2015,Oct,26,Thur,0
2015,Oct,27,Fri,0
2015,Oct,28,Sat,0
2015,Oct,29,Sun,0
2015,Oct,30,Mon,0
2015,Oct,31,Tue,0
2015,Nov,1,Wed,0
2015,Nov,2,Thur,0
2015,Nov,3,Fri,0
2015,Nov,4,Sat,0
2015,Nov,5,Sun,0
2015,Nov,6,Mon,0
2015,Nov,7,Tue,0
2015,Nov,8,Wed,0
2015,Nov,9,Thur,0
2015,Nov,10,Fri,0
2015,Nov,11,Sat,0
2015,Nov,12,Sun,0
2015,Nov,13,Mon,0
2015,Nov,14,Tue,0
2015,Nov,15,Wed,0
2015,Nov,16,Thur,0
2015,Nov,17,Fri,0
2015,Nov,18,Sat,0
2015,Nov,19,Sun,0
2015,Nov,20,Mon,0
2015,Nov,21,Tue,0
2015,Nov,22,Wed,0
2015,Nov,23,Thur,0
2015,Nov,24,Fri,0
2015,Nov,25,Sat,0
2015,Nov,26,Sun,0
2015,Nov,27,Mon,0
2015,Nov,28,Tue,0
2015,Nov,29,Wed,0
2015,Nov,30,Thur,0
2015,Dec,1,Fri,0
2015,Dec,2,Sat,0
2015,Dec,3,Sun,0
2015,Dec,4,Mon,0
2015,Dec,5,Tue,0
2015,Dec,6,Wed,0
2015,Dec,7,Thur,0
2015,Dec,8,Fri,0
2015,Dec,9,Sat,0
2015,Dec,10,Sun,0
2015,Dec,11,Mon,0
2015,Dec,12,Tue,0
2015,Dec,13,Wed,0
2015,Dec,14,Thur,0
2015,Dec,15,Fri,0
2015,Dec,16,Sat,0
2015,Dec,17,Sun,0
2015,Dec,18,Mon,0
2015,Dec,19,Tue,0
2015,Dec,20,Wed,0
2015,Dec,21,Thur,0
2015,Dec,22,Fri,0
2015,Dec,23,Sat,0
2015,Dec,24,Sun,0
2015,Dec,25,Mon,1
2015,Dec,26,Tue,1
2015,Dec,27,Wed,0
2015,Dec,28,Thur,0
2015,Dec,29,Fri,0
2015,Dec,30,Sat,0
2015,Dec,31,Sun,0
2016,Jan,1,Mon,1
2016,Jan,2,Tue,0
2016,Jan,3,Wed,0
2016,Jan,4,Thur,0
2016,Jan,5,Fri,0
2016,Jan,6,Sat,0
2016,Jan,7,Sun,0
2016,Jan,8,Mon,0
2016,Jan,9,Tue,0
2016,Jan,10,Wed,0
2016,Jan,11,Thur,0
2016,Jan,12,Fri,0
2016,Jan,13,Sat,0
2016,Jan,14,Sun,0
2016,Jan,15,Mon,0
2016,Jan,16,Tue,0
2016,Jan,17,Wed,0
2016,Jan,18,Thur,0
2016,Jan,19,Fri,0
2016,Jan,20,Sat,0
2016,Jan,21,Sun,0
2016,Jan,22,Mon,0
2016,Jan,23,Tue,0
2016,Jan,24,Wed,0
2016,Jan,25,Thur,0
2016,Jan,26,Fri,0
2016,Jan,27,Sat,0
2016,Jan,28,Sun,0
2016,Jan,29,Mon,0
2016,Jan,30,Tue,0
2016,Jan,31,Wed,0
2016,Feb,1,Thur,0
2016,Feb,2,Fri,0
2016,Feb,3,Sat,0
2016,Feb,4,Sun,0
2016,Feb,5,Mon,0
2016,Feb,6,Tue,0
2016,Feb,7,Wed,0
2016,Feb,8,Thur,0
2016,Feb,9,Fri,0
2016,Feb,10,Sat,0
2016,Feb,11,Sun,0
2016,Feb,12,Mon,0
2016,Feb,13,Tue,0
2016,Feb,14,Wed,0
2016,Feb,15,Thur,0
2016,Feb,16,Fri,0
2016,Feb,17,Sat,0
2016,Feb,18,Sun,0
2016,Feb,19,Mon,0
2016,Feb,20,Tue,0
2016,Feb,21,Wed,0
2016,Feb,22,Thur,0
2016,Feb,23,Fri,0
2016,Feb,24,Sat,0
2016,Feb,25,Sun,0
2016,Feb,26,Mon,0
2016,Feb,27,Tue,0
2016,Feb,28,Wed,0
2016,March,1,Thur,0
2016,March,2,Fri,0
2016,March,3,Sat,0
2016,March,4,Sun,0
2016,March,5,Mon,0
2016,March,6,Tue,0
2016,March,7,Wed,0
2016,March,8,Thur,0
2016,March,9,Fri,0
2016,March,10,Sat,0
2016,March,11,Sun,0
2016,March,12,Mon,0
2016,March,13,Tue,0
2016,March,14,Wed,0
2016,March,15,Thur,0
2016,March,16,Fri,0
2016,March,17,Sat,0
2016,March,18,Sun,0
2016,March,19,Mon,0
2016,March,20,Tue,0
2016,March,21,Wed,0
2016,March,22,Thur,0
2016,March,23,Fri,0
2016,March,24,Sat,0
2016,March,25,Sun,0
2016,March,26,Mon,0
2016,March,27,Tue,0
2016,March,28,Wed,0
2016,March,29,Thur,0
2016,March,30,Fri,0
2016,March,31,Sat,0
2016,Apr,1,Sun,0
2016,Apr,2,Mon,0
2016,Apr,3,Tue,0
2016,Apr,4,Wed,0
2016,Apr,5,Thur,0
2016,Apr,6,Fri,0
2016,Apr,7,Sat,0
2016,Apr,8,Sun,0
2016,Apr,9,Mon,0
2016,Apr,10,Tue,0
2016,Apr,11,Wed,0
2016,Apr,12,Thur,0
2016,Apr,13,Fri,1
2016,Apr,14,Sat,0
2016,Apr,15,Sun,0
2016,Apr,16,Mon,1
2016,Apr,17,Tue,0
2016,Apr,18,Wed,0
2016,Apr,19,Thur,0
2016,Apr,20,Fri,0
2016,Apr,21,Sat,0
2016,Apr,22,Sun,0
2016,Apr,23,Mon,0
2016,Apr,24,Tue,0
2016,Apr,25,Wed,0
2016,Apr,26,Thur,0
2016,Apr,27,Fri,0
2016,Apr,28,Sat,0
2016,Apr,29,Sun,0
2016,Apr,30,Mon,0
2016,May,1,Tue,0
2016,May,2,Wed,0
2016,May,3,Thur,0
2016,May,4,Fri,0
2016,May,5,Sat,0
2016,May,6,Sun,0
2016,May,7,Mon,1
2016,May,8,Tue,0
2016,May,9,Wed,0
2016,May,10,Thur,0
2016,May,11,Fri,0
2016,May,12,Sat,0
2016,May,13,Sun,0
2016,May,14,Mon,0
2016,May,15,Tue,0
2016,May,16,Wed,0
2016,May,17,Thur,0
2016,May,18,Fri,0
2016,May,19,Sat,0
2016,May,20,Sun,0
2016,May,21,Mon,0
2016,May,22,Tue,0
2016,May,23,Wed,0
2016,May,24,Thur,0
2016,May,25,Fri,0
2016,May,26,Sat,0
2016,May,27,Sun,0
2016,May,28,Mon,1
2016,May,29,Tue,0
2016,May,30,Wed,0
2016,May,31,Thur,0
2016,Jun,1,Fri,0
2016,Jun,2,Sat,0
2016,Jun,3,Sun,0
2016,Jun,4,Mon,0
2016,Jun,5,Tue,0
2016,Jun,6,Wed,0
2016,Jun,7,Thur,0
2016,Jun,8,Fri,0
2016,Jun,9,Sat,0
2016,Jun,10,Sun,0
2016,Jun,11,Mon,0
2016,Jun,12,Tue,0
2016,Jun,13,Wed,0
2016,Jun,14,Thur,0
2016,Jun,15,Fri,0
2016,Jun,16,Sat,0
2016,Jun,17,Sun,0
2016,Jun,18,Mon,0
2016,Jun,19,Tue,0
2016,Jun,20,Wed,0
2016,Jun,21,Thur,0
2016,Jun,22,Fri,0
2016,Jun,23,Sat,0
2016,Jun,24,Sun,0
2016,Jun,25,Mon,0
2016,Jun,26,Tue,0
2016,Jun,27,Wed,0
2016,Jun,28,Thur,0
2016,Jun,29,Fri,0
2016,Jun,30,Sat,0
2016,Jul,1,Sun,0
2016,Jul,2,Mon,0
2016,Jul,3,Tue,0
2016,Jul,4,Wed,0
2016,Jul,5,Thur,0
2016,Jul,6,Fri,0
2016,Jul,7,Sat,0
2016,Jul,8,Sun,0
2016,Jul,9,Mon,0
2016,Jul,10,Tue,0
2016,Jul,11,Wed,0
2016,Jul,12,Thur,0
2016,Jul,13,Fri,0
2016,Jul,14,Sat,0
2016,Jul,15,Sun,0
2016,Jul,16,Mon,0
2016,Jul,17,Tue,0
2016,Jul,18,Wed,0
2016,Jul,19,Thur,0
2016,Jul,20,Fri,0
2016,Jul,21,Sat,0
2016,Jul,22,Sun,0
2016,Jul,23,Mon,0
2016,Jul,24,Tue,0
2016,Jul,25,Wed,0
2016,Jul,26,Thur,0
2016,Jul,27,Fri,0
2016,Jul,28,Sat,0
2016,Jul,29,Sun,0
2016,Jul,30,Mon,0
2016,Aug,1,Tue,0
2016,Aug,2,Wed,0
2016,Aug,3,Thur,0
2016,Aug,4,Fri,0
2016,Aug,5,Sat,0
2016,Aug,6,Sun,0
2016,Aug,7,Mon,0
2016,Aug,8,Tue,0
2016,Aug,9,Wed,0
2016,Aug,10,Thur,0
2016,Aug,11,Fri,0
2016,Aug,12,Sat,0
2016,Aug,13,Sun,0
2016,Aug,14,Mon,0
2016,Aug,15,Tue,0
2016,Aug,16,Wed,0
2016,Aug,17,Thur,0
2016,Aug,18,Fri,0
2016,Aug,19,Sat,0
2016,Aug,20,Sun,0
2016,Aug,21,Mon,0
2016,Aug,22,Tue,0
2016,Aug,23,Wed,0
2016,Aug,24,Thur,0
2016,Aug,25,Fri,0
2016,Aug,26,Sat,0
2016,Aug,27,Sun,0
2016,Aug,28,Mon,1
2016,Aug,29,Tue,0
2016,Aug,30,Wed,0
2016,Aug,31,Thur,0
2016,Sep,1,Fri,0
2016,Sep,2,Sat,0
2016,Sep,3,Sun,0
2016,Sep,4,Mon,0
2016,Sep,5,Tue,0
2016,Sep,6,Wed,0
2016,Sep,7,Thur,0
2016,Sep,8,Fri,0
2016,Sep,9,Sat,0
2016,Sep,10,Sun,0
2016,Sep,11,Mon,0
2016,Sep,12,Tue,0
2016,Sep,13,Wed,0
2016,Sep,14,Thur,0
2016,Sep,15,Fri,0
2016,Sep,16,Sat,0
2016,Sep,17,Sun,0
2016,Sep,18,Mon,0
2016,Sep,19,Tue,0
2016,Sep,20,Wed,0
2016,Sep,21,Thur,0
2016,Sep,22,Fri,0
2016,Sep,23,Sat,0
2016,Sep,24,Sun,0
2016,Sep,25,Mon,0
2016,Sep,26,Tue,0
2016,Sep,27,Wed,0
2016,Sep,28,Thur,0
2016,Sep,29,Fri,0
2016,Sep,30,Sat,0
2016,Oct,1,Sun,0
2016,Oct,2,Mon,0
2016,Oct,3,Tue,0
2016,Oct,4,Wed,0
2016,Oct,5,Thur,0
2016,Oct,6,Fri,0
2016,Oct,7,Sat,0
2016,Oct,8,Sun,0
2016,Oct,9,Mon,0
2016,Oct,10,Tue,0
2016,Oct,11,Wed,0
2016,Oct,12,Thur,0
2016,Oct,13,Fri,0
2016,Oct,14,Sat,0
2016,Oct,15,Sun,0
2016,Oct,16,Mon,0
2016,Oct,17,Tue,0
2016,Oct,18,Wed,0
2016,Oct,19,Thur,0
2016,Oct,20,Fri,0
2016,Oct,21,Sat,0
2016,Oct,22,Sun,0
2016,Oct,23,Mon,0
2016,Oct,24,Tue,0
2016,Oct,25,Wed,0
2016,Oct,26,Thur,0
2016,Oct,27,Fri,0
2016,Oct,28,Sat,0
2016,Oct,29,Sun,0
2016,Oct,30,Mon,0
2016,Oct,31,Tue,0
2016,Nov,1,Wed,0
2016,Nov,2,Thur,0
2016,Nov,3,Fri,0
2016,Nov,4,Sat,0
2016,Nov,5,Sun,0
2016,Nov,6,Mon,0
2016,Nov,7,Tue,0
2016,Nov,8,Wed,0
2016,Nov,9,Thur,0
2016,Nov,10,Fri,0
2016,Nov,11,Sat,0
2016,Nov,12,Sun,0
2016,Nov,13,Mon,0
2016,Nov,14,Tue,0
2016,Nov,15,Wed,0
2016,Nov,16,Thur,0
2016,Nov,17,Fri,0
2016,Nov,18,Sat,0
2016,Nov,19,Sun,0
2016,Nov,20,Mon,0
2016,Nov,21,Tue,0
2016,Nov,22,Wed,0
2016,Nov,23,Thur,0
2016,Nov,24,Fri,0
2016,Nov,25,Sat,0
2016,Nov,26,Sun,0
2016,Nov,27,Mon,0
2016,Nov,28,Tue,0
2016,Nov,29,Wed,0
2016,Nov,30,Thur,0
2016,Dec,1,Fri,0
2016,Dec,2,Sat,0
2016,Dec,3,Sun,0
2016,Dec,4,Mon,0
2016,Dec,5,Tue,0
2016,Dec,6,Wed,0
2016,Dec,7,Thur,0
2016,Dec,8,Fri,0
2016,Dec,9,Sat,0
2016,Dec,10,Sun,0
2016,Dec,11,Mon,0
2016,Dec,12,Tue,0
2016,Dec,13,Wed,0
2016,Dec,14,Thur,0
2016,Dec,15,Fri,0
2016,Dec,16,Sat,0
2016,Dec,17,Sun,0
2016,Dec,18,Mon,0
2016,Dec,19,Tue,0
2016,Dec,20,Wed,0
2016,Dec,21,Thur,0
2016,Dec,22,Fri,0
2016,Dec,23,Sat,0
2016,Dec,24,Sun,0
2016,Dec,25,Mon,1
2016,Dec,26,Tue,1
2016,Dec,27,Wed,0
2016,Dec,28,Thur,0
2016,Dec,29,Fri,0
2016,Dec,30,Sat,0
2016,Dec,31,Sun,0
